-- MySQL dump 10.13  Distrib 8.0.18, for Win64 (x86_64)
--
-- Host: localhost    Database: football
-- ------------------------------------------------------
-- Server version	8.0.18

/*!40101 SET @OLD_CHARACTER_SET_CLIENT=@@CHARACTER_SET_CLIENT */;
/*!40101 SET @OLD_CHARACTER_SET_RESULTS=@@CHARACTER_SET_RESULTS */;
/*!40101 SET @OLD_COLLATION_CONNECTION=@@COLLATION_CONNECTION */;
/*!50503 SET NAMES utf8 */;
/*!40103 SET @OLD_TIME_ZONE=@@TIME_ZONE */;
/*!40103 SET TIME_ZONE='+00:00' */;
/*!40014 SET @OLD_UNIQUE_CHECKS=@@UNIQUE_CHECKS, UNIQUE_CHECKS=0 */;
/*!40014 SET @OLD_FOREIGN_KEY_CHECKS=@@FOREIGN_KEY_CHECKS, FOREIGN_KEY_CHECKS=0 */;
/*!40101 SET @OLD_SQL_MODE=@@SQL_MODE, SQL_MODE='NO_AUTO_VALUE_ON_ZERO' */;
/*!40111 SET @OLD_SQL_NOTES=@@SQL_NOTES, SQL_NOTES=0 */;

--
-- Table structure for table `league`
--

DROP TABLE IF EXISTS `league`;
/*!40101 SET @saved_cs_client     = @@character_set_client */;
/*!50503 SET character_set_client = utf8mb4 */;
CREATE TABLE `league` (
  `id` int(11) NOT NULL AUTO_INCREMENT,
  `name` varchar(255) NOT NULL,
  PRIMARY KEY (`id`)
) ENGINE=InnoDB AUTO_INCREMENT=2 DEFAULT CHARSET=utf8mb4 COLLATE=utf8mb4_general_ci;
/*!40101 SET character_set_client = @saved_cs_client */;

--
-- Dumping data for table `league`
--

LOCK TABLES `league` WRITE;
/*!40000 ALTER TABLE `league` DISABLE KEYS */;
INSERT INTO `league` VALUES (1,'English Premier League 2016/17');
/*!40000 ALTER TABLE `league` ENABLE KEYS */;
UNLOCK TABLES;

--
-- Table structure for table `match`
--

DROP TABLE IF EXISTS `match`;
/*!40101 SET @saved_cs_client     = @@character_set_client */;
/*!50503 SET character_set_client = utf8mb4 */;
CREATE TABLE `match` (
  `id` int(11) NOT NULL AUTO_INCREMENT,
  `date` datetime NOT NULL,
  `roundId` int(11) NOT NULL,
  `team1Id` int(11) DEFAULT NULL,
  `team2Id` int(11) DEFAULT NULL,
  `score1` int(11) NOT NULL,
  `score2` int(11) NOT NULL,
  PRIMARY KEY (`id`),
  KEY `FK_35deee50e58a815bec24d4876ef` (`team1Id`),
  KEY `FK_b74ce0e545c690e8f690f761115` (`team2Id`),
  KEY `FK_1118562c3d9e68a7c7d680c7afd` (`roundId`),
  CONSTRAINT `FK_1118562c3d9e68a7c7d680c7afd` FOREIGN KEY (`roundId`) REFERENCES `round` (`id`),
  CONSTRAINT `FK_35deee50e58a815bec24d4876ef` FOREIGN KEY (`team1Id`) REFERENCES `team` (`id`),
  CONSTRAINT `FK_b74ce0e545c690e8f690f761115` FOREIGN KEY (`team2Id`) REFERENCES `team` (`id`)
) ENGINE=InnoDB AUTO_INCREMENT=381 DEFAULT CHARSET=utf8mb4 COLLATE=utf8mb4_general_ci;
/*!40101 SET character_set_client = @saved_cs_client */;

--
-- Dumping data for table `match`
--

LOCK TABLES `match` WRITE;
/*!40000 ALTER TABLE `match` DISABLE KEYS */;
INSERT INTO `match` VALUES (1,'2016-08-12 21:00:00',1,1,2,2,1),(2,'2016-08-12 21:00:00',1,3,4,0,1),(3,'2016-08-12 21:00:00',1,5,6,0,1),(4,'2016-08-12 21:00:00',1,7,8,1,1),(5,'2016-08-12 21:00:00',1,9,10,1,1),(6,'2016-08-12 21:00:00',1,11,12,1,1),(7,'2016-08-12 21:00:00',1,13,14,2,1),(8,'2016-08-13 21:00:00',1,15,16,1,3),(9,'2016-08-13 21:00:00',1,17,18,3,4),(10,'2016-08-14 21:00:00',1,19,20,2,1),(11,'2016-08-18 21:00:00',2,16,11,2,0),(12,'2016-08-19 21:00:00',2,10,13,1,4),(13,'2016-08-19 21:00:00',2,3,18,2,0),(14,'2016-08-19 21:00:00',2,4,1,0,2),(15,'2016-08-19 21:00:00',2,8,5,1,0),(16,'2016-08-19 21:00:00',2,12,19,1,2),(17,'2016-08-19 21:00:00',2,6,7,1,2),(18,'2016-08-19 21:00:00',2,2,17,0,0),(19,'2016-08-20 21:00:00',2,14,9,1,2),(20,'2016-08-20 21:00:00',2,20,15,1,0),(21,'2016-08-26 21:00:00',3,8,18,1,1),(22,'2016-08-26 21:00:00',3,19,3,3,0),(23,'2016-08-26 21:00:00',3,5,15,1,1),(24,'2016-08-26 21:00:00',3,7,10,1,0),(25,'2016-08-26 21:00:00',3,2,4,2,1),(26,'2016-08-26 21:00:00',3,11,14,1,1),(27,'2016-08-26 21:00:00',3,12,17,1,3),(28,'2016-08-26 21:00:00',3,1,16,0,1),(29,'2016-08-27 21:00:00',3,6,9,0,0),(30,'2016-08-27 21:00:00',3,13,20,3,1),(31,'2016-09-09 21:00:00',4,16,13,1,2),(32,'2016-09-09 21:00:00',4,15,6,1,0),(33,'2016-09-09 21:00:00',4,17,11,2,1),(34,'2016-09-09 21:00:00',4,3,1,1,1),(35,'2016-09-09 21:00:00',4,9,5,1,2),(36,'2016-09-09 21:00:00',4,10,8,0,4),(37,'2016-09-09 21:00:00',4,20,12,2,4),(38,'2016-09-09 21:00:00',4,18,2,4,1),(39,'2016-09-10 21:00:00',4,4,19,2,2),(40,'2016-09-11 21:00:00',4,14,7,0,3),(41,'2016-09-15 21:00:00',5,19,18,1,2),(42,'2016-09-16 21:00:00',5,1,17,1,4),(43,'2016-09-16 21:00:00',5,2,3,3,0),(44,'2016-09-16 21:00:00',5,13,15,4,0),(45,'2016-09-16 21:00:00',5,6,20,4,2),(46,'2016-09-16 21:00:00',5,7,9,3,1),(47,'2016-09-17 21:00:00',5,12,16,3,1),(48,'2016-09-17 21:00:00',5,5,10,4,1),(49,'2016-09-17 21:00:00',5,11,4,1,0),(50,'2016-09-17 21:00:00',5,8,14,1,0),(51,'2016-09-23 21:00:00',6,16,2,4,1),(52,'2016-09-23 21:00:00',6,15,7,1,0),(53,'2016-09-23 21:00:00',6,18,1,5,1),(54,'2016-09-23 21:00:00',6,9,8,1,2),(55,'2016-09-23 21:00:00',6,10,6,1,1),(56,'2016-09-23 21:00:00',6,14,5,2,3),(57,'2016-09-23 21:00:00',6,4,13,1,3),(58,'2016-09-23 21:00:00',6,17,19,3,0),(59,'2016-09-24 21:00:00',6,20,11,0,3),(60,'2016-09-25 21:00:00',6,3,12,2,0),(61,'2016-09-29 21:00:00',7,7,5,1,1),(62,'2016-09-30 21:00:00',7,4,18,1,2),(63,'2016-09-30 21:00:00',7,1,19,0,2),(64,'2016-09-30 21:00:00',7,14,6,1,1),(65,'2016-09-30 21:00:00',7,12,15,2,2),(66,'2016-09-30 21:00:00',7,20,9,1,1),(67,'2016-10-01 21:00:00',7,16,10,1,1),(68,'2016-10-01 21:00:00',7,2,11,0,0),(69,'2016-10-01 21:00:00',7,8,13,2,0),(70,'2016-10-01 21:00:00',7,3,17,0,1),(71,'2016-10-14 21:00:00',8,19,2,3,0),(72,'2016-10-14 21:00:00',8,15,1,6,1),(73,'2016-10-14 21:00:00',8,17,4,3,2),(74,'2016-10-14 21:00:00',8,13,7,1,1),(75,'2016-10-14 21:00:00',8,10,14,2,0),(76,'2016-10-14 21:00:00',8,6,8,1,1),(77,'2016-10-14 21:00:00',8,5,20,0,1),(78,'2016-10-15 21:00:00',8,9,12,0,1),(79,'2016-10-15 21:00:00',8,11,3,3,1),(80,'2016-10-16 22:00:00',8,18,16,0,0),(81,'2016-10-21 22:00:00',9,15,8,0,0),(82,'2016-10-21 22:00:00',9,17,9,0,0),(83,'2016-10-21 22:00:00',9,3,7,2,1),(84,'2016-10-21 22:00:00',9,19,16,4,0),(85,'2016-10-21 22:00:00',9,1,10,0,2),(86,'2016-10-21 22:00:00',9,2,5,3,1),(87,'2016-10-21 22:00:00',9,18,6,2,1),(88,'2016-10-21 22:00:00',9,13,11,1,1),(89,'2016-10-21 22:00:00',9,4,12,0,0),(90,'2016-10-21 22:00:00',9,20,14,1,0),(91,'2016-10-28 22:00:00',10,5,18,2,4),(92,'2016-10-28 22:00:00',10,7,20,2,0),(93,'2016-10-28 22:00:00',10,16,3,0,0),(94,'2016-10-28 22:00:00',10,9,15,2,0),(95,'2016-10-28 22:00:00',10,11,19,0,2),(96,'2016-10-28 22:00:00',10,10,4,3,1),(97,'2016-10-28 22:00:00',10,14,17,1,4),(98,'2016-10-28 22:00:00',10,8,2,1,1),(99,'2016-10-28 22:00:00',10,12,1,1,0),(100,'2016-10-28 22:00:00',10,6,13,0,4),(101,'2016-11-04 22:00:00',11,15,14,1,2),(102,'2016-11-04 22:00:00',11,17,8,1,1),(103,'2016-11-04 22:00:00',11,3,5,3,2),(104,'2016-11-04 22:00:00',11,19,7,5,0),(105,'2016-11-04 22:00:00',11,1,11,2,1),(106,'2016-11-04 22:00:00',11,2,6,1,2),(107,'2016-11-04 22:00:00',11,18,12,6,1),(108,'2016-11-04 22:00:00',11,13,9,1,1),(109,'2016-11-04 22:00:00',11,4,16,1,3),(110,'2016-11-04 22:00:00',11,20,10,1,1),(111,'2016-11-18 22:00:00',12,5,13,1,2),(112,'2016-11-18 22:00:00',12,7,4,1,1),(113,'2016-11-18 22:00:00',12,16,17,1,1),(114,'2016-11-18 22:00:00',12,9,19,0,1),(115,'2016-11-18 22:00:00',12,11,18,0,0),(116,'2016-11-18 22:00:00',12,10,15,0,1),(117,'2016-11-18 22:00:00',12,14,1,3,0),(118,'2016-11-18 22:00:00',12,8,20,3,2),(119,'2016-11-18 22:00:00',12,12,2,2,1),(120,'2016-11-18 22:00:00',12,6,3,4,0),(121,'2016-11-25 22:00:00',13,3,13,1,2),(122,'2016-11-25 22:00:00',13,19,8,2,1),(123,'2016-11-25 22:00:00',13,1,6,1,1),(124,'2016-11-25 22:00:00',13,2,9,2,2),(125,'2016-11-25 22:00:00',13,18,14,2,0),(126,'2016-11-25 22:00:00',13,4,5,5,4),(127,'2016-11-26 22:00:00',13,12,10,0,1),(128,'2016-11-26 22:00:00',13,17,15,3,1),(129,'2016-11-26 22:00:00',13,16,20,1,1),(130,'2016-11-26 22:00:00',13,11,7,1,0),(131,'2016-12-02 22:00:00',14,5,11,3,0),(132,'2016-12-02 22:00:00',14,13,19,1,3),(133,'2016-12-02 22:00:00',14,10,3,2,0),(134,'2016-12-02 22:00:00',14,14,2,2,1),(135,'2016-12-02 22:00:00',14,8,4,5,0),(136,'2016-12-02 22:00:00',14,6,12,3,1),(137,'2016-12-02 22:00:00',14,20,17,1,5),(138,'2016-12-03 22:00:00',14,15,18,4,3),(139,'2016-12-03 22:00:00',14,7,16,1,1),(140,'2016-12-04 22:00:00',14,9,1,1,0),(141,'2016-12-09 22:00:00',15,17,10,3,1),(142,'2016-12-09 22:00:00',15,3,15,3,2),(143,'2016-12-09 22:00:00',15,1,5,3,3),(144,'2016-12-09 22:00:00',15,2,13,4,2),(145,'2016-12-09 22:00:00',15,4,14,3,0),(146,'2016-12-09 22:00:00',15,12,7,3,2),(147,'2016-12-10 22:00:00',15,19,6,1,0),(148,'2016-12-10 22:00:00',15,16,8,1,0),(149,'2016-12-10 22:00:00',15,11,9,1,0),(150,'2016-12-10 22:00:00',15,18,20,2,2),(151,'2016-12-12 22:00:00',16,15,2,1,0),(152,'2016-12-12 22:00:00',16,7,17,2,1),(153,'2016-12-13 22:00:00',16,5,16,1,2),(154,'2016-12-13 22:00:00',16,9,18,0,3),(155,'2016-12-13 22:00:00',16,14,19,0,1),(156,'2016-12-13 22:00:00',16,6,4,3,1),(157,'2016-12-13 22:00:00',16,20,3,1,0),(158,'2016-12-13 22:00:00',16,13,12,2,0),(159,'2016-12-13 22:00:00',16,10,11,0,0),(160,'2016-12-13 22:00:00',16,8,1,3,0),(161,'2016-12-16 22:00:00',17,5,19,0,1),(162,'2016-12-16 22:00:00',17,9,4,3,0),(163,'2016-12-16 22:00:00',17,10,2,2,2),(164,'2016-12-16 22:00:00',17,14,12,1,0),(165,'2016-12-16 22:00:00',17,6,16,0,2),(166,'2016-12-16 22:00:00',17,20,1,1,0),(167,'2016-12-17 22:00:00',17,15,11,1,3),(168,'2016-12-17 22:00:00',17,13,17,2,1),(169,'2016-12-17 22:00:00',17,8,3,2,1),(170,'2016-12-18 22:00:00',17,7,18,0,1),(171,'2016-12-25 22:00:00',18,17,6,1,0),(172,'2016-12-25 22:00:00',18,3,9,1,0),(173,'2016-12-25 22:00:00',18,19,15,3,0),(174,'2016-12-25 22:00:00',18,1,13,0,3),(175,'2016-12-25 22:00:00',18,2,7,0,2),(176,'2016-12-25 22:00:00',18,16,14,3,1),(177,'2016-12-25 22:00:00',18,4,20,1,4),(178,'2016-12-25 22:00:00',18,12,5,1,1),(179,'2016-12-26 22:00:00',18,18,10,4,1),(180,'2016-12-27 22:00:00',18,11,8,1,4),(181,'2016-12-29 22:00:00',19,1,7,2,2),(182,'2016-12-30 22:00:00',19,3,14,4,1),(183,'2016-12-30 22:00:00',19,19,10,4,2),(184,'2016-12-30 22:00:00',19,2,20,1,0),(185,'2016-12-30 22:00:00',19,18,13,1,0),(186,'2016-12-30 22:00:00',19,16,9,2,1),(187,'2016-12-30 22:00:00',19,11,6,1,2),(188,'2016-12-30 22:00:00',19,4,15,0,3),(189,'2016-12-31 22:00:00',19,12,8,1,4),(190,'2016-12-31 22:00:00',19,17,5,2,0),(191,'2017-01-01 22:00:00',20,15,17,3,3),(192,'2017-01-01 22:00:00',20,5,4,1,2),(193,'2017-01-01 22:00:00',20,7,11,3,0),(194,'2017-01-01 22:00:00',20,13,3,2,1),(195,'2017-01-01 22:00:00',20,9,2,0,0),(196,'2017-01-01 22:00:00',20,10,12,2,0),(197,'2017-01-01 22:00:00',20,14,18,2,2),(198,'2017-01-01 22:00:00',20,8,19,2,0),(199,'2017-01-01 22:00:00',20,6,1,3,1),(200,'2017-01-01 22:00:00',20,20,16,0,2),(201,'2017-01-13 22:00:00',21,3,11,1,0),(202,'2017-01-13 22:00:00',21,7,13,4,0),(203,'2017-01-13 22:00:00',21,1,15,3,1),(204,'2017-01-13 22:00:00',21,2,19,0,3),(205,'2017-01-13 22:00:00',21,16,18,1,1),(206,'2017-01-13 22:00:00',21,14,10,1,3),(207,'2017-01-13 22:00:00',21,4,17,0,4),(208,'2017-01-13 22:00:00',21,8,6,4,0),(209,'2017-01-13 22:00:00',21,12,9,0,0),(210,'2017-01-13 22:00:00',21,20,5,3,0),(211,'2017-01-20 22:00:00',22,15,12,2,2),(212,'2017-01-20 22:00:00',22,17,3,2,1),(213,'2017-01-20 22:00:00',22,19,1,2,0),(214,'2017-01-20 22:00:00',22,5,7,0,1),(215,'2017-01-20 22:00:00',22,18,4,2,3),(216,'2017-01-20 22:00:00',22,13,8,2,2),(217,'2017-01-20 22:00:00',22,9,20,1,3),(218,'2017-01-20 22:00:00',22,11,2,3,0),(219,'2017-01-20 22:00:00',22,10,16,1,1),(220,'2017-01-20 22:00:00',22,6,14,2,0),(221,'2017-01-30 22:00:00',23,15,5,0,2),(222,'2017-01-30 22:00:00',23,17,12,1,2),(223,'2017-01-30 22:00:00',23,3,2,1,0),(224,'2017-01-30 22:00:00',23,16,1,0,0),(225,'2017-01-30 22:00:00',23,9,6,1,1),(226,'2017-01-30 22:00:00',23,14,8,0,0),(227,'2017-01-30 22:00:00',23,4,11,2,1),(228,'2017-01-30 22:00:00',23,20,13,0,4),(229,'2017-01-31 22:00:00',23,18,19,1,1),(230,'2017-01-31 22:00:00',23,10,7,1,1),(231,'2017-02-03 22:00:00',24,19,17,3,1),(232,'2017-02-03 22:00:00',24,5,14,0,4),(233,'2017-02-03 22:00:00',24,7,15,6,3),(234,'2017-02-03 22:00:00',24,1,18,2,0),(235,'2017-02-03 22:00:00',24,11,20,1,3),(236,'2017-02-03 22:00:00',24,8,9,1,0),(237,'2017-02-03 22:00:00',24,12,3,2,1),(238,'2017-02-03 22:00:00',24,6,10,1,0),(239,'2017-02-04 22:00:00',24,13,4,2,1),(240,'2017-02-04 22:00:00',24,2,16,0,3),(241,'2017-02-10 22:00:00',25,17,1,2,0),(242,'2017-02-10 22:00:00',25,18,8,2,0),(243,'2017-02-10 22:00:00',25,16,12,2,0),(244,'2017-02-10 22:00:00',25,9,7,0,0),(245,'2017-02-10 22:00:00',25,10,5,1,0),(246,'2017-02-10 22:00:00',25,14,11,0,4),(247,'2017-02-10 22:00:00',25,20,6,2,2),(248,'2017-02-11 22:00:00',25,3,19,1,1),(249,'2017-02-11 22:00:00',25,4,2,2,0),(250,'2017-02-12 22:00:00',25,15,13,0,2),(251,'2017-02-24 21:00:00',26,19,4,3,1),(252,'2017-02-24 21:00:00',26,5,9,1,0),(253,'2017-02-24 21:00:00',26,7,14,2,0),(254,'2017-02-24 21:00:00',26,1,3,1,1),(255,'2017-02-24 21:00:00',26,2,18,3,1),(256,'2017-04-26 21:00:00',26,13,16,0,0),(257,'2017-05-09 21:00:00',26,11,17,0,2),(258,'2017-02-24 21:00:00',26,8,10,4,0),(259,'2017-02-24 21:00:00',26,12,20,1,1),(260,'2017-02-24 21:00:00',26,6,15,2,1),(261,'2017-03-03 21:00:00',27,2,1,3,1),(262,'2017-03-03 21:00:00',27,18,17,3,1),(263,'2017-03-03 21:00:00',27,16,15,1,1),(264,'2017-03-03 21:00:00',27,10,9,2,0),(265,'2017-03-03 21:00:00',27,14,13,0,2),(266,'2017-03-03 21:00:00',27,4,3,3,2),(267,'2017-03-03 21:00:00',27,8,7,3,2),(268,'2017-03-03 21:00:00',27,12,11,3,4),(269,'2017-03-03 21:00:00',27,6,5,0,2),(270,'2017-03-03 21:00:00',27,20,19,1,2),(271,'2017-03-10 21:00:00',28,15,20,3,2),(272,'2017-04-25 21:00:00',28,17,2,1,0),(273,'2017-03-10 21:00:00',28,18,3,2,1),(274,'2017-05-14 21:00:00',28,19,12,4,3),(275,'2017-03-10 21:00:00',28,7,6,3,0),(276,'2017-03-10 21:00:00',28,1,4,2,1),(277,'2017-03-10 21:00:00',28,13,10,0,0),(278,'2017-04-25 21:00:00',28,9,14,1,0),(279,'2017-05-16 21:00:00',28,11,16,0,0),(280,'2017-04-25 21:00:00',28,5,8,0,1),(281,'2017-03-17 21:00:00',29,15,4,2,0),(282,'2017-03-17 21:00:00',29,5,12,1,0),(283,'2017-03-17 21:00:00',29,7,1,4,0),(284,'2017-03-17 21:00:00',29,13,18,1,1),(285,'2017-03-17 21:00:00',29,9,16,1,3),(286,'2017-03-17 21:00:00',29,10,19,1,2),(287,'2017-03-17 21:00:00',29,14,3,0,0),(288,'2017-03-17 21:00:00',29,8,11,2,1),(289,'2017-03-17 21:00:00',29,6,17,3,1),(290,'2017-03-17 21:00:00',29,20,2,2,3),(291,'2017-03-31 21:00:00',30,17,13,2,2),(292,'2017-03-31 21:00:00',30,3,8,0,2),(293,'2017-03-31 21:00:00',30,19,5,1,2),(294,'2017-03-31 21:00:00',30,1,20,2,1),(295,'2017-03-31 21:00:00',30,2,10,2,0),(296,'2017-03-31 21:00:00',30,18,7,3,1),(297,'2017-03-31 21:00:00',30,16,6,0,0),(298,'2017-03-31 21:00:00',30,11,15,0,0),(299,'2017-03-31 21:00:00',30,4,9,0,0),(300,'2017-03-31 21:00:00',30,12,14,1,0),(301,'2017-04-03 21:00:00',31,3,10,1,0),(302,'2017-04-03 21:00:00',31,2,14,2,0),(303,'2017-04-03 21:00:00',31,16,7,1,1),(304,'2017-04-03 21:00:00',31,12,6,2,0),(305,'2017-04-04 21:00:00',31,19,13,2,1),(306,'2017-04-04 21:00:00',31,18,15,2,2),(307,'2017-04-04 21:00:00',31,11,5,3,1),(308,'2017-04-04 21:00:00',31,1,9,4,2),(309,'2017-04-04 21:00:00',31,17,20,3,0),(310,'2017-04-04 21:00:00',31,4,8,1,3),(311,'2017-04-07 21:00:00',32,15,19,1,3),(312,'2017-04-07 21:00:00',32,5,17,3,0),(313,'2017-04-07 21:00:00',32,7,2,4,2),(314,'2017-04-07 21:00:00',32,13,1,3,1),(315,'2017-04-07 21:00:00',32,9,3,0,0),(316,'2017-04-07 21:00:00',32,10,18,1,2),(317,'2017-04-07 21:00:00',32,14,16,0,3),(318,'2017-04-07 21:00:00',32,8,12,4,0),(319,'2017-04-07 21:00:00',32,6,11,0,1),(320,'2017-04-07 21:00:00',32,20,4,1,0),(321,'2017-04-14 21:00:00',33,5,2,2,2),(322,'2017-04-14 21:00:00',33,7,3,3,1),(323,'2017-04-14 21:00:00',33,16,19,2,0),(324,'2017-04-14 21:00:00',33,9,17,1,2),(325,'2017-04-14 21:00:00',33,11,13,0,3),(326,'2017-04-14 21:00:00',33,10,1,3,1),(327,'2017-04-14 21:00:00',33,14,20,2,2),(328,'2017-04-14 21:00:00',33,8,15,4,0),(329,'2017-04-14 21:00:00',33,12,4,1,0),(330,'2017-04-14 21:00:00',33,6,18,0,1),(331,'2017-04-21 21:00:00',34,15,9,4,0),(332,'2017-05-15 21:00:00',34,17,14,2,0),(333,'2017-04-21 21:00:00',34,3,16,0,2),(334,'2017-04-24 21:00:00',34,19,11,4,2),(335,'2017-04-21 21:00:00',34,1,12,2,0),(336,'2017-05-17 21:00:00',34,2,8,1,6),(337,'2017-04-21 21:00:00',34,18,5,1,2),(338,'2017-05-15 21:00:00',34,13,6,3,1),(339,'2017-04-21 21:00:00',34,4,10,2,0),(340,'2017-04-21 21:00:00',34,20,7,0,0),(341,'2017-04-28 21:00:00',35,5,3,0,2),(342,'2017-04-28 21:00:00',35,7,19,0,3),(343,'2017-04-28 21:00:00',35,16,4,1,1),(344,'2017-04-28 21:00:00',35,9,13,2,2),(345,'2017-04-28 21:00:00',35,11,1,0,0),(346,'2017-04-28 21:00:00',35,10,20,0,0),(347,'2017-04-28 21:00:00',35,14,15,0,1),(348,'2017-04-28 21:00:00',35,8,17,2,0),(349,'2017-04-28 21:00:00',35,12,18,0,1),(350,'2017-04-28 21:00:00',35,6,2,0,1),(351,'2017-05-05 21:00:00',36,15,10,2,2),(352,'2017-05-05 21:00:00',36,17,16,2,0),(353,'2017-05-05 21:00:00',36,3,6,2,2),(354,'2017-05-05 21:00:00',36,19,9,3,0),(355,'2017-05-05 21:00:00',36,1,14,0,2),(356,'2017-05-05 21:00:00',36,2,12,3,0),(357,'2017-05-05 21:00:00',36,18,11,0,0),(358,'2017-05-05 21:00:00',36,13,5,5,0),(359,'2017-05-05 21:00:00',36,4,7,1,0),(360,'2017-05-05 21:00:00',36,20,8,1,0),(361,'2017-05-12 21:00:00',37,15,3,2,1),(362,'2017-05-12 21:00:00',37,5,1,4,0),(363,'2017-05-12 21:00:00',37,7,12,1,0),(364,'2017-05-12 21:00:00',37,13,2,2,1),(365,'2017-05-12 21:00:00',37,9,11,1,2),(366,'2017-05-12 21:00:00',37,10,17,1,4),(367,'2017-05-12 21:00:00',37,14,4,0,2),(368,'2017-05-12 21:00:00',37,8,16,2,1),(369,'2017-05-12 21:00:00',37,6,19,0,1),(370,'2017-05-12 21:00:00',37,20,18,0,4),(371,'2017-05-20 21:00:00',38,17,7,3,1),(372,'2017-05-20 21:00:00',38,3,20,1,2),(373,'2017-05-20 21:00:00',38,19,14,5,1),(374,'2017-05-20 21:00:00',38,1,8,1,7),(375,'2017-05-20 21:00:00',38,2,15,1,1),(376,'2017-05-20 21:00:00',38,18,9,3,0),(377,'2017-05-20 21:00:00',38,16,5,2,0),(378,'2017-05-20 21:00:00',38,11,10,0,1),(379,'2017-05-20 21:00:00',38,4,6,2,1),(380,'2017-05-20 21:00:00',38,12,13,0,5);
/*!40000 ALTER TABLE `match` ENABLE KEYS */;
UNLOCK TABLES;

--
-- Table structure for table `migrations`
--

DROP TABLE IF EXISTS `migrations`;
/*!40101 SET @saved_cs_client     = @@character_set_client */;
/*!50503 SET character_set_client = utf8mb4 */;
CREATE TABLE `migrations` (
  `id` int(11) NOT NULL AUTO_INCREMENT,
  `timestamp` bigint(20) NOT NULL,
  `name` varchar(255) NOT NULL,
  PRIMARY KEY (`id`)
) ENGINE=InnoDB AUTO_INCREMENT=3 DEFAULT CHARSET=utf8mb4 COLLATE=utf8mb4_general_ci;
/*!40101 SET character_set_client = @saved_cs_client */;

--
-- Dumping data for table `migrations`
--

LOCK TABLES `migrations` WRITE;
/*!40000 ALTER TABLE `migrations` DISABLE KEYS */;
INSERT INTO `migrations` VALUES (1,1575877883401,'first1575877883401'),(2,1575883079964,'missingFields1575883079964');
/*!40000 ALTER TABLE `migrations` ENABLE KEYS */;
UNLOCK TABLES;

--
-- Table structure for table `round`
--

DROP TABLE IF EXISTS `round`;
/*!40101 SET @saved_cs_client     = @@character_set_client */;
/*!50503 SET character_set_client = utf8mb4 */;
CREATE TABLE `round` (
  `id` int(11) NOT NULL AUTO_INCREMENT,
  `name` varchar(255) NOT NULL,
  `leagueId` int(11) DEFAULT NULL,
  PRIMARY KEY (`id`),
  KEY `FK_e60e2d58962a17b45197ec43890` (`leagueId`),
  CONSTRAINT `FK_e60e2d58962a17b45197ec43890` FOREIGN KEY (`leagueId`) REFERENCES `league` (`id`)
) ENGINE=InnoDB AUTO_INCREMENT=39 DEFAULT CHARSET=utf8mb4 COLLATE=utf8mb4_general_ci;
/*!40101 SET character_set_client = @saved_cs_client */;

--
-- Dumping data for table `round`
--

LOCK TABLES `round` WRITE;
/*!40000 ALTER TABLE `round` DISABLE KEYS */;
INSERT INTO `round` VALUES (1,'Matchday 1',1),(2,'Matchday 2',1),(3,'Matchday 3',1),(4,'Matchday 4',1),(5,'Matchday 5',1),(6,'Matchday 6',1),(7,'Matchday 7',1),(8,'Matchday 8',1),(9,'Matchday 9',1),(10,'Matchday 10',1),(11,'Matchday 11',1),(12,'Matchday 12',1),(13,'Matchday 13',1),(14,'Matchday 14',1),(15,'Matchday 15',1),(16,'Matchday 16',1),(17,'Matchday 17',1),(18,'Matchday 18',1),(19,'Matchday 19',1),(20,'Matchday 20',1),(21,'Matchday 21',1),(22,'Matchday 22',1),(23,'Matchday 23',1),(24,'Matchday 24',1),(25,'Matchday 25',1),(26,'Postponed Matchday 26',1),(27,'Matchday 27',1),(28,'Postponed Matchday 28',1),(29,'Matchday 29',1),(30,'Matchday 30',1),(31,'Matchday 31',1),(32,'Matchday 32',1),(33,'Matchday 33',1),(34,'Postponed Matchday 34',1),(35,'Matchday 35',1),(36,'Matchday 36',1),(37,'Matchday 37',1),(38,'Matchday 38',1);
/*!40000 ALTER TABLE `round` ENABLE KEYS */;
UNLOCK TABLES;

--
-- Table structure for table `team`
--

DROP TABLE IF EXISTS `team`;
/*!40101 SET @saved_cs_client     = @@character_set_client */;
/*!50503 SET character_set_client = utf8mb4 */;
CREATE TABLE `team` (
  `id` int(11) NOT NULL AUTO_INCREMENT,
  `name` varchar(255) NOT NULL,
  `key` varchar(255) NOT NULL,
  `code` varchar(255) NOT NULL,
  PRIMARY KEY (`id`)
) ENGINE=InnoDB AUTO_INCREMENT=21 DEFAULT CHARSET=utf8mb4 COLLATE=utf8mb4_general_ci;
/*!40101 SET character_set_client = @saved_cs_client */;

--
-- Dumping data for table `team`
--

LOCK TABLES `team` WRITE;
/*!40000 ALTER TABLE `team` DISABLE KEYS */;
INSERT INTO `team` VALUES (1,'Hull City','hull','HUL'),(2,'Leicester City','leicester','LEI'),(3,'Burnley','burnley','BUR'),(4,'Swansea','swansea','SWA'),(5,'Crystal Palace','crystalpalace','CRY'),(6,'West Bromwich Albion','westbrom','WBA'),(7,'Everton','everton','EVE'),(8,'Tottenham Hotspur','tottenham','TOT'),(9,'Middlesbrough','middlesbrough','MFC'),(10,'Stoke City','stoke','STK'),(11,'Southampton','southampton','SOU'),(12,'Watford','watford','WAT'),(13,'Manchester City','mancity','MCI'),(14,'Sunderland','sunderland','SUN'),(15,'Bournemouth','bournemouth','BOU'),(16,'Manchester United','manutd','MUN'),(17,'Arsenal','arsenal','ARS'),(18,'Liverpool','liverpool','LIV'),(19,'Chelsea','chelsea','CHE'),(20,'West Ham United','westham','WHU');
/*!40000 ALTER TABLE `team` ENABLE KEYS */;
UNLOCK TABLES;
/*!40103 SET TIME_ZONE=@OLD_TIME_ZONE */;

/*!40101 SET SQL_MODE=@OLD_SQL_MODE */;
/*!40014 SET FOREIGN_KEY_CHECKS=@OLD_FOREIGN_KEY_CHECKS */;
/*!40014 SET UNIQUE_CHECKS=@OLD_UNIQUE_CHECKS */;
/*!40101 SET CHARACTER_SET_CLIENT=@OLD_CHARACTER_SET_CLIENT */;
/*!40101 SET CHARACTER_SET_RESULTS=@OLD_CHARACTER_SET_RESULTS */;
/*!40101 SET COLLATION_CONNECTION=@OLD_COLLATION_CONNECTION */;
/*!40111 SET SQL_NOTES=@OLD_SQL_NOTES */;

-- Dump completed on 2019-12-10  9:26:51
